{
  "$schema": "https://schema.management.azure.com/schemas/2015-01-01/deploymentTemplate.json#",
  "contentVersion": "1.0.0.0",
  "parameters": {
    "addressPrefix": {
      "type": "string",
      "defaultValue": "10.0.0.0/16",
      "metadata": {
        "description": "Address prefix for the Virtual Network"
      }
    },
    "subnetPrefix": {
      "type": "string",
      "defaultValue": "10.0.0.0/28",
      "metadata": {
        "description": "Subnet prefix"
      }
    },
    "skuName": {
      "type": "string",
      "allowedValues": [
        "Standard_Small",
        "Standard_Medium",
        "Standard_Large"
      ],
      "defaultValue": "Standard_Medium",
      "metadata": {
        "description": "Sku Name"
      }
    },
    "capacity": {
      "type": "int",
      "defaultValue": 2,
      "metadata": {
        "description": "Number of instances"
      }
    },
    "backendIpAddress1": {
      "type": "string",
      "metadata": {
        "description": "IP Address for Backend Server 1"
      }
    },
    "backendIpAddress2": {
      "type": "string",
      "metadata": {
        "description": "IP Address for Backend Server 2"
      }
    },
    "storageAccountName": {
      "type": "string",
      "metadata": {
        "description": "Name of the Storage Account in which Diagnostic Logs should be saved."
      }
    },
    //"serviceBusRuleId": {
    //  "type": "string",
    //  "metadata": {
    //    "description": "Service Bus Rule Id for the Service Bus Namespace in which the Event Hub should be created or streamed to."
    //  }
    //},
    "workspaceId": {
      "type": "string",
      "metadata": {
        "description": "Log Analytics workspace ID for the Log Analytics workspace to which logs will be sent."
      }
    }
  },
  "variables": {
    "applicationGatewayName": "applicationGateway1",
    "publicIPAddressName": "publicIp1",
    "virtualNetworkName": "virtualNetwork1",
    "subnetName": "appGatewaySubnet",
    "vnetID": "[resourceId('Microsoft.Network/virtualNetworks',variables('virtualNetworkName'))]",
    "subnetRef": "[concat(variables('vnetID'),'/subnets/',variables('subnetName'))]",
    "publicIPRef": "[resourceId('Microsoft.Network/publicIPAddresses',variables('publicIPAddressName'))]",
    "applicationGatewayID": "[resourceId('Microsoft.Network/applicationGateways',variables('applicationGatewayName'))]",
    "apiVersion": "2015-05-01-preview"
  },
  "resources": [
    {
      "apiVersion": "[variables('apiVersion')]",
      "type": "Microsoft.Network/publicIPAddresses",
      "name": "[variables('publicIPAddressName')]",
      "location": "[resourceGroup().location]",
      "properties": {
        "publicIPAllocationMethod": "Dynamic"
      }
    },
    {
      "apiVersion": "[variables('apiVersion')]",
      "type": "Microsoft.Network/virtualNetworks",
      "name": "[variables('virtualNetworkName')]",
      "location": "[resourceGroup().location]",
      "properties": {
        "addressSpace": {
          "addressPrefixes": [
            "[parameters('addressPrefix')]"
          ]
        },
        "subnets": [
          {
            "name": "[variables('subnetName')]",
            "properties": {
              "addressPrefix": "[parameters('subnetPrefix')]"
            }
          }
        ]
      }
    },
    {
      "apiVersion": "[variables('apiVersion')]",
      "name": "[variables('applicationGatewayName')]",
      "type": "Microsoft.Network/applicationGateways",
      "location": "[resourceGroup().location]",
      "dependsOn": [
        "[concat('Microsoft.Network/virtualNetworks/', variables('virtualNetworkName'))]",
        "[concat('Microsoft.Network/publicIPAddresses/', variables('publicIPAddressName'))]"
      ],
      "properties": {
        "sku": {
          "name": "[parameters('skuName')]",
          "tier": "Standard",
          "capacity": "[parameters('capacity')]"
        },
        "gatewayIPConfigurations": [
          {
            "name": "appGatewayIpConfig",
            "properties": {
              "subnet": {
                "id": "[variables('subnetRef')]"
              }
            }
          }
        ],
        "frontendIPConfigurations": [
          {
            "name": "appGatewayFrontendIP",
            "properties": {
              "PublicIPAddress": {
                "id": "[variables('publicIPRef')]"
              }
            }
          }
        ],
        "frontendPorts": [
          {
            "name": "appGatewayFrontendPort",
            "properties": {
              "Port": 80
            }
          }
        ],
        "backendAddressPools": [
          {
            "name": "appGatewayBackendPool",
            "properties": {
              "BackendAddresses": [
                {
                  "IpAddress": "[parameters('backendIpAddress1')]"
                },
                {
                  "IpAddress": "[parameters('backendIpAddress2')]"
                }
              ]
            }
          }
        ],
        "backendHttpSettingsCollection": [
          {
            "name": "appGatewayBackendHttpSettings",
            "properties": {
              "Port": 80,
              "Protocol": "Http",
              "CookieBasedAffinity": "Disabled"
            }
          }
        ],
        "httpListeners": [
          {
            "name": "appGatewayHttpListener",
            "properties": {
              "FrontendIPConfiguration": {
                "Id": "[concat(variables('applicationGatewayID'), '/frontendIPConfigurations/appGatewayFrontendIP')]"
              },
              "FrontendPort": {
                "Id": "[concat(variables('applicationGatewayID'), '/frontendPorts/appGatewayFrontendPort')]"
              },
              "Protocol": "Http",
              "SslCertificate": null
            }
          }
        ],
        "requestRoutingRules": [
          {
            "Name": "rule1",
            "properties": {
              "RuleType": "Basic",
              "httpListener": {
                "id": "[concat(variables('applicationGatewayID'), '/httpListeners/appGatewayHttpListener')]"
              },
              "backendAddressPool": {
                "id": "[concat(variables('applicationGatewayID'), '/backendAddressPools/appGatewayBackendPool')]"
              },
              "backendHttpSettings": {
                "id": "[concat(variables('applicationGatewayID'), '/backendHttpSettingsCollection/appGatewayBackendHttpSettings')]"
              }
            }
          }
        ]
      },
      "resources": [
        {
          "type": "providers/diagnosticSettings",
          "name": "Microsoft.Insights/service",
          "dependsOn": [
            "[concat('Microsoft.Network/applicationGateways/', variables('applicationGatewayName'))]"
          ],
          "apiVersion": "2015-07-01",
          "properties": {
            "storageAccountId": "[resourceId('Microsoft.Storage/storageAccounts', parameters('storageAccountName'))]",
            //"serviceBusRuleId": "[parameters('serviceBusRuleId')]",
            "workspaceId": "[parameters('workspaceId')]",
            "logs": [
              {
                "category": "ApplicationGatewayAccessLog",
                "enabled": true,
                "retentionPolicy": {
                  "days": 0,
                  "enabled": false
                }
              }
            ],
            "metrics": [
              {
                "timeGrain": "PT1M",
                "enabled": true,
                "retentionPolicy": {
                  "enabled": false,
                  "days": 0
                }
              }
            ]
          }
        }
      ]
    }
    
    
  ]
}